,trade_date,ts_code,open,high,low,close,pre_close,change,pct_chg,vol,amount,turnover_rate,ma5,ma_v_5,ma10,ma_v_10,ma20,ma_v_20,ma30,ma_v_30,ma60,ma_v_60,ma120,ma_v_120,ma250,ma_v_250
0,20210727,600635.SH,3.5,3.51,3.44,3.46,3.5,-0.040000000000000036,-1.1429,104714.25,36412.925,0.4329,3.514,94112.512,3.512,89372.716,3.523,79173.1135,3.552,74538.9133,3.5943,87198.1627,3.6538,106129.7565,4.0729,145382.3705
1,20210726,600635.SH,3.55,3.55,3.49,3.5,3.56,-0.06000000000000005,-1.6854,102033.45,35782.71,0.4218,3.524,82264.842,3.52,86209.404,3.528,77290.351,3.5583,73081.9383,3.5967,86465.8913,3.657,106380.3303,4.08,149611.5561
2,20210723,600635.SH,3.52,3.6,3.5,3.56,3.52,0.040000000000000036,1.1364,110668.1,39104.602,0.4575,3.524,78848.392,3.523,82825.86,3.5325,76122.396,3.5643,71944.3903,3.5983,86081.6275,3.6602,107236.2598,4.0862,152970.1323
3,20210722,600635.SH,3.52,3.54,3.5,3.52,3.53,-0.009999999999999787,-0.2833,74053.75,26085.691,0.3062,3.52,88596.924,3.52,77881.113,3.5355,73555.853,3.5683,71145.7457,3.5997,85195.487,3.6638,107535.9375,4.0932,155849.1091
4,20210721,600635.SH,3.51,3.55,3.5,3.53,3.51,0.020000000000000018,0.5698,79093.01,27789.849,0.327,3.516,86031.12,3.519,75377.572,3.5395,72706.5885,3.5743,72917.4417,3.6022,85158.4792,3.6682,107717.0942,4.1005,158665.5754
5,20210720,600635.SH,3.5,3.52,3.49,3.51,3.5,0.009999999999999787,0.2857,45475.9,15911.556,0.188,3.51,84632.92,3.519,73030.711,3.544,72215.0925,3.5793,73937.8747,3.6052,84599.3965,3.6724,107576.8349,4.1084,161725.6848
6,20210719,600635.SH,3.51,3.53,3.49,3.5,3.54,-0.040000000000000036,-1.1299,84951.2,29782.841,0.3512,3.516,90153.966,3.522,76070.006,3.55,72870.802,3.5837,76431.7593,3.6083,85207.4173,3.677,108027.9371,4.1155,165981.7672
7,20210716,600635.SH,3.55,3.63,3.54,3.54,3.5,0.040000000000000036,1.1429,159410.76,57079.805,0.6591,3.522,86803.328,3.53,80509.78,3.556,71102.321,3.5897,82452.9877,3.6125,85061.527,3.6816,108111.6877,4.1223,168961.8927
8,20210715,600635.SH,3.49,3.51,3.48,3.5,3.5,0.0,0.0,61224.73,21383.486,0.2531,3.52,67165.302,3.526,69927.574,3.561,67138.0535,3.5977,94382.9193,3.6163,83798.0567,3.686,107518.8442,4.129,172040.2084
9,20210714,600635.SH,3.53,3.54,3.49,3.5,3.54,-0.040000000000000036,-1.1299,72102.01,25330.564,0.2981,3.522,64724.024,3.527,72062.627,3.5665,66857.8625,3.6013,95106.6663,3.6208,84164.9498,3.6907,107754.9808,4.1351,175545.7302
10,20210713,600635.SH,3.53,3.55,3.51,3.54,3.53,0.010000000000000231,0.2833,73081.13,25820.1,0.3021,3.528,61428.502,3.534,68973.511,3.572,67122.012,3.6057,94772.7593,3.6247,84372.7668,3.6953,108274.9133,4.1413,179615.048
11,20210712,600635.SH,3.53,3.55,3.51,3.53,3.53,0.0,0.0,68198.01,24088.244,0.282,3.528,61986.046,3.536,68371.298,3.5775,66518.2055,3.609,94004.3997,3.6272,84428.437,3.6997,108572.8307,,
12,20210709,600635.SH,3.5,3.53,3.49,3.53,3.51,0.020000000000000018,0.5698,61220.63,21498.42,0.2531,3.538,74216.232,3.542,69418.932,3.585,66503.6555,3.612,94329.2233,3.6297,84862.1023,3.7036,109186.0558,,
13,20210708,600635.SH,3.53,3.56,3.51,3.51,3.53,-0.020000000000000018,-0.5666,49018.34,17286.271,0.2027,3.532,72689.846,3.551,69230.593,3.5925,67778.062,3.6163,95398.8067,3.6333,85387.2592,3.708,109700.6496,,
14,20210707,600635.SH,3.55,3.55,3.52,3.53,3.54,-0.010000000000000231,-0.2825,55624.4,19657.734,0.23,3.532,79401.23,3.56,70035.605,3.602,71687.3765,3.622,97968.2763,3.6372,86716.8543,3.7126,111098.6502,,
15,20210706,600635.SH,3.54,3.56,3.51,3.54,3.58,-0.040000000000000036,-1.1173,75868.85,26834.304,0.3137,3.54,76518.52,3.569,71399.474,3.6095,74391.4565,3.625,98695.6753,3.6417,87931.2855,3.7177,111780.8192,,
16,20210705,600635.SH,3.56,3.63,3.55,3.58,3.5,0.08000000000000007,2.2857,129348.94,46355.084,0.5348,3.544,74756.55,3.578,69671.598,3.6145,76612.636,3.6273,98110.8623,3.6472,88400.4903,3.7224,112345.6933,,
17,20210702,600635.SH,3.51,3.53,3.5,3.5,3.51,-0.009999999999999787,-0.2849,53588.7,18799.085,0.2216,3.546,64621.632,3.582,61694.862,3.6195,83424.5915,3.628,95730.7183,3.6517,88900.8393,3.727,112745.5456,,
18,20210701,600635.SH,3.56,3.57,3.51,3.51,3.57,-0.06000000000000005,-1.6807,82575.26,29197.464,0.3414,3.57,65771.34,3.596,64348.533,3.6335,106610.592,3.6307,95769.2223,3.6588,90627.729,3.7323,113894.9864,,
19,20210630,600635.SH,3.56,3.58,3.56,3.57,3.56,0.009999999999999787,0.2809,41210.85,14698.697,0.1704,3.588,60669.98,3.606,61653.098,3.6385,106628.686,3.6337,94714.9023,3.6663,92024.0143,3.7379,114707.6465,,
20,20210629,600635.SH,3.59,3.6,3.56,3.56,3.59,-0.029999999999999805,-0.8357,67059.0,23989.019,0.2772,3.598,66280.428,3.61,65270.513,3.6415,107672.3835,3.635,95016.9147,3.6738,96233.3753,3.7435,116602.7858,,
21,20210628,600635.SH,3.62,3.63,3.58,3.59,3.62,-0.03000000000000025,-0.8287,78674.35,28314.454,0.3253,3.612,64586.646,3.619,64665.113,3.6455,106820.9505,3.636,96417.2077,3.68,100019.6768,3.75,119595.4907,,
22,20210625,600635.SH,3.6,3.62,3.59,3.62,3.6,0.020000000000000018,0.5556,59337.24,21389.153,0.2453,3.618,58768.092,3.628,63588.379,3.647,106784.369,3.6383,97447.3643,3.6868,104258.4812,3.7557,122514.6932,,
23,20210624,600635.SH,3.63,3.63,3.6,3.6,3.62,-0.020000000000000018,-0.5525,57068.46,20605.875,0.2359,3.622,62925.726,3.634,66325.531,3.649,108482.9135,3.6377,97707.4073,3.6907,106132.6618,3.7597,123457.7617,,
24,20210623,600635.SH,3.63,3.65,3.61,3.62,3.63,-0.009999999999999787,-0.2755,69263.09,25132.181,0.2864,3.624,62636.216,3.644,73339.148,3.653,111934.612,3.639,98382.3513,3.6935,108114.6738,3.7636,123510.6187,,
25,20210622,600635.SH,3.63,3.64,3.61,3.63,3.62,0.009999999999999787,0.2762,58590.09,21252.003,0.2422,3.622,64260.598,3.65,77383.439,3.653,112343.776,3.6393,98250.75,3.6978,111187.3443,3.7671,123982.2268,,
26,20210621,600635.SH,3.62,3.63,3.6,3.62,3.64,-0.020000000000000018,-0.5495,49581.58,17907.54,0.205,3.626,64743.58,3.651,83553.674,3.652,112330.4945,3.6387,99089.867,3.701,115397.4975,3.7713,124111.6287,,
27,20210618,600635.SH,3.61,3.64,3.58,3.64,3.61,0.03000000000000025,0.831,80125.41,28874.787,0.3313,3.638,68408.666,3.657,105154.321,3.651,112748.6465,3.6393,100094.9747,3.704,117136.0207,3.7758,125166.9283,,
28,20210617,600635.SH,3.61,3.62,3.59,3.61,3.61,0.0,0.0,55620.91,20037.72,0.23,3.646,69725.336,3.671,148872.651,3.648,111479.567,3.6377,99644.891,3.7053,117560.0227,3.7795,125362.8998,,
29,20210616,600635.SH,3.64,3.65,3.6,3.61,3.65,-0.040000000000000036,-1.0959,77385.0,27981.762,0.3199,3.664,84042.08,3.671,151604.274,3.6475,111245.8045,3.636,100517.058,3.7072,118189.4112,3.7833,125369.1287,,
30,20210615,600635.SH,3.69,3.7,3.64,3.65,3.68,-0.03000000000000025,-0.8152,61005.0,22306.29,0.2522,3.678,90506.28,3.673,150074.254,3.6475,109890.1155,3.6367,99857.412,3.7092,118318.3727,3.7872,125416.9479,,
31,20210611,600635.SH,3.66,3.69,3.66,3.68,3.68,0.0,0.0,67907.01,24963.322,0.2807,3.676,102363.768,3.672,148976.788,3.6445,112293.255,3.635,99849.8443,3.711,118996.544,3.7911,125365.1398,,
32,20210610,600635.SH,3.7,3.72,3.66,3.68,3.7,-0.020000000000000018,-0.5405,86708.76,31877.777,0.3585,3.676,141899.976,3.666,149980.359,3.6435,114376.857,3.6323,100218.8647,3.7118,119834.3943,3.7948,126461.9033,,
33,20210609,600635.SH,3.67,3.72,3.65,3.7,3.68,0.020000000000000018,0.5435,127204.63,46953.074,0.5259,3.696,228019.966,3.664,150640.296,3.6395,113398.3455,3.631,99245.2283,3.712,120499.9258,3.7993,126282.8395,,
34,20210608,600635.SH,3.64,3.72,3.64,3.68,3.64,0.040000000000000036,1.0989,109706.0,40413.178,0.4536,3.678,219166.468,3.662,150530.076,3.6365,110903.953,3.63,97399.5167,3.711,119517.5037,3.8037,126112.1388,,
35,20210607,600635.SH,3.66,3.68,3.63,3.64,3.68,-0.040000000000000036,-1.087,120292.44,43864.388,0.4973,3.668,209642.228,3.656,147304.113,3.634,108684.4055,3.631,95260.9183,3.7093,119137.0953,3.8085,125925.1147,,
36,20210604,600635.SH,3.7,3.72,3.65,3.68,3.78,-0.09999999999999964,-2.6455,265588.05,97904.102,1.098,3.668,195589.808,3.653,141107.315,3.6325,106857.9635,3.633,93983.0753,3.7092,119544.6538,3.8139,125926.9249,,
37,20210603,600635.SH,3.59,3.97,3.59,3.78,3.61,0.16999999999999993,4.7091,517308.71,195720.872,2.1387,3.656,158060.742,3.645,120342.972,3.6305,97565.3015,3.6353,87670.0663,3.7097,117045.0875,3.8192,124733.5032,,
38,20210602,600635.SH,3.64,3.64,3.59,3.61,3.63,-0.020000000000000018,-0.551,82937.14,29946.316,0.3429,3.632,73260.626,3.625,74086.483,3.621,75031.011,3.635,73213.194,3.7088,110656.6558,3.8241,122472.2875,,
39,20210601,600635.SH,3.63,3.64,3.61,3.63,3.64,-0.010000000000000231,-0.2747,62084.8,22508.479,0.2567,3.646,81893.684,3.624,70887.335,3.6185,74973.45,3.6403,73223.2333,3.71,110936.31,3.8298,122730.7655,,
40,20210531,600635.SH,3.62,3.64,3.62,3.64,3.62,0.020000000000000018,0.5525,50030.34,18157.715,0.2068,3.644,84965.998,3.622,69705.977,3.6185,74748.991,3.6437,73972.7743,3.7112,111344.77,3.8355,123476.2734,,
41,20210528,600635.SH,3.66,3.67,3.62,3.62,3.66,-0.040000000000000036,-1.0929,77942.72,28348.014,0.3222,3.638,86624.822,3.617,75609.722,3.6165,75286.3725,3.6453,74852.4743,3.7115,111826.4085,3.8409,124140.135,,
42,20210527,600635.SH,3.67,3.69,3.63,3.66,3.68,-0.020000000000000018,-0.5435,93308.13,34118.11,0.3858,3.634,82625.202,3.621,78773.355,3.6155,75338.1175,3.6473,75394.9813,3.7122,111822.2862,3.8465,124211.7722,,
43,20210526,600635.SH,3.62,3.69,3.61,3.68,3.62,0.06000000000000005,1.6575,126102.43,46123.906,0.5213,3.618,74912.34,3.615,76156.395,3.6145,73547.6945,3.6503,75375.7117,3.7113,112297.2895,3.8517,124210.9188,,
44,20210525,600635.SH,3.61,3.63,3.59,3.62,3.61,0.010000000000000231,0.277,77446.37,27971.594,0.3202,3.602,59880.986,3.611,71277.83,3.614,70834.237,3.6523,75465.4323,3.7115,112136.4838,3.8568,124152.9878,,
45,20210524,600635.SH,3.61,3.63,3.58,3.61,3.6,0.009999999999999787,0.2778,58324.46,21039.558,0.2411,3.6,54445.956,3.612,70064.698,3.6185,69239.321,3.6583,77166.8957,3.712,112337.2248,3.863,124303.0268,,
46,20210521,600635.SH,3.58,3.61,3.57,3.6,3.58,0.020000000000000018,0.5587,57944.62,20826.135,0.2396,3.596,64594.622,3.612,72608.612,3.623,70420.9555,3.667,78690.1183,3.7128,113264.3982,3.8695,125415.3528,,
47,20210520,600635.SH,3.59,3.6,3.57,3.58,3.6,-0.020000000000000018,-0.5556,54743.82,19591.96,0.2263,3.608,74921.508,3.616,74787.631,3.6305,71333.6135,3.6753,82070.9603,3.7148,115377.8275,3.8757,125910.3583,,
48,20210519,600635.SH,3.59,3.62,3.59,3.6,3.61,-0.009999999999999787,-0.277,50945.66,18332.456,0.2106,3.612,77400.45,3.617,75975.539,3.64,72776.5495,3.687,85486.2357,3.7165,117173.3157,3.8817,126146.3543,,
49,20210518,600635.SH,3.59,3.62,3.58,3.61,3.59,0.020000000000000018,0.5571,50271.22,18110.263,0.2078,3.62,82674.674,3.613,79059.565,3.6485,74391.1825,3.699,89333.1263,3.716,118669.7882,3.8878,126704.9053,,
50,20210517,600635.SH,3.66,3.67,3.59,3.59,3.66,-0.07000000000000028,-1.9126,109067.79,39373.143,0.4509,3.624,85683.44,3.615,79792.005,3.6545,76106.173,3.7127,97449.836,3.7135,119287.1038,3.8933,127148.4102,,
51,20210514,600635.SH,3.62,3.68,3.61,3.66,3.6,0.06000000000000005,1.6667,109579.05,39892.878,0.453,3.628,80622.602,3.616,74963.023,3.6595,74473.8505,3.724,103622.146,3.7112,119270.0052,3.8992,127103.9681,,
52,20210513,600635.SH,3.63,3.64,3.6,3.6,3.64,-0.040000000000000036,-1.0989,67138.53,24274.589,0.2776,3.624,74653.754,3.61,71902.88,3.6605,73705.7945,3.7353,111069.598,3.7072,119075.846,3.904,126970.1192,,
53,20210512,600635.SH,3.61,3.64,3.61,3.64,3.63,0.010000000000000231,0.2755,77316.78,28040.431,0.3197,3.622,74550.628,3.614,70938.994,3.668,74985.37,3.7437,114557.9163,3.704,119840.291,3.9096,127257.9872,,
54,20210511,600635.SH,3.6,3.63,3.58,3.63,3.61,0.020000000000000018,0.554,65315.05,23562.953,0.27,3.606,75444.456,3.617,70390.644,3.673,77559.2335,3.748,117846.9963,3.7002,121954.7168,3.9151,127489.2161,,
55,20210510,600635.SH,3.62,3.63,3.59,3.61,3.64,-0.03000000000000025,-0.8242,83763.6,30205.106,0.3463,3.606,73900.57,3.625,68413.944,3.6815,80717.9945,3.7563,124123.9387,3.6993,123422.366,3.9207,128086.8302,,
56,20210507,600635.SH,3.59,3.66,3.57,3.64,3.59,0.050000000000000266,1.3928,79734.81,28859.555,0.3296,3.604,69303.444,3.634,68233.299,3.6945,81730.8715,3.7633,131705.128,3.7007,123091.9245,3.9268,128693.9366,,
57,20210506,600635.SH,3.58,3.6,3.55,3.59,3.56,0.029999999999999805,0.8427,66622.9,23887.709,0.2754,3.596,69152.006,3.645,67879.596,3.705,85712.625,3.7687,134177.0667,3.7015,123889.5387,3.9323,128741.6723,,
58,20210430,600635.SH,3.6,3.6,3.56,3.56,3.63,-0.06999999999999984,-1.9284,81785.92,29221.558,0.3381,3.606,67327.36,3.663,69577.56,3.722,90241.584,3.773,135475.1543,3.7045,124488.1073,3.9386,129195.9958,,
59,20210429,600635.SH,3.6,3.64,3.59,3.63,3.6,0.029999999999999805,0.8333,57595.62,20865.41,0.2381,3.628,65336.832,3.684,69722.8,3.742,94469.907,3.7783,135861.7643,3.709,124454.8788,3.945,129125.5644,,
60,20210428,600635.SH,3.61,3.63,3.58,3.6,3.6,0.0,0.0,60777.97,21880.71,0.2513,3.644,62927.318,3.694,72420.341,3.7615,106278.7515,3.7817,136779.3333,3.7133,125061.3503,3.9508,129486.1561,,
61,20210427,600635.SH,3.64,3.65,3.57,3.6,3.64,-0.040000000000000036,-1.0989,78977.62,28423.18,0.3265,3.664,67163.154,3.703,73984.678,3.778,117951.7075,3.787,138143.2437,3.7173,126294.7692,3.9562,129988.7104,,
62,20210426,600635.SH,3.65,3.68,3.64,3.64,3.67,-0.029999999999999805,-0.8174,57499.67,21032.966,0.2377,3.694,66607.186,3.711,75508.709,3.798,130652.957,3.7913,139449.924,3.722,128390.8922,3.9614,130481.4597,,
63,20210423,600635.SH,3.71,3.72,3.65,3.67,3.71,-0.040000000000000036,-1.0782,71833.28,26370.362,0.297,3.72,71827.76,3.722,79031.746,3.8085,136367.3775,3.793,141754.6233,3.728,129876.388,3.967,130773.956,,
64,20210422,600635.SH,3.72,3.75,3.71,3.71,3.7,0.009999999999999787,0.2703,45548.05,16962.235,0.1883,3.74,74108.768,3.729,84727.823,3.8135,141575.1725,3.792,141635.4907,3.7342,130275.7093,3.9727,130689.1315,,
65,20210421,600635.SH,3.75,3.75,3.67,3.7,3.75,-0.04999999999999982,-1.3333,81957.15,30352.019,0.3388,3.744,81913.364,3.738,93022.045,3.822,151978.936,3.7877,143013.2723,3.7397,130554.2733,3.9779,130995.7273,,
66,20210420,600635.SH,3.78,3.79,3.74,3.75,3.77,-0.020000000000000018,-0.5305,76197.78,28732.201,0.315,3.742,80806.202,3.755,95228.444,3.828,163441.0425,3.7853,145106.2323,3.7457,130848.4568,3.9834,130987.306,,
67,20210419,600635.SH,3.77,3.79,3.76,3.77,3.77,0.0,0.0,83602.54,31525.705,0.3456,3.728,84410.232,3.765,103545.654,3.8305,167325.802,3.784,146420.1087,3.7507,131161.8485,3.9889,131218.2812,,
68,20210416,600635.SH,3.74,3.78,3.71,3.77,3.73,0.040000000000000036,1.0724,83238.32,31240.195,0.3441,3.724,86235.732,3.781,110905.608,3.828,168423.9515,3.7827,148100.1177,3.7557,131239.6317,3.9949,131598.5352,,
69,20210415,600635.SH,3.7,3.74,3.67,3.73,3.69,0.040000000000000036,1.084,84571.03,31399.351,0.3496,3.718,95346.878,3.8,119217.014,3.8255,168931.2465,3.7797,148649.3867,3.7605,131345.0117,4.0006,131522.6494,,
70,20210414,600635.SH,3.69,3.71,3.66,3.69,3.68,0.009999999999999787,0.2717,76421.34,28168.433,0.3159,3.732,104130.726,3.829,140137.162,3.8255,168958.8295,3.7787,148716.7657,3.766,132177.0598,4.007,131480.4296,,
71,20210413,600635.SH,3.75,3.75,3.67,3.68,3.75,-0.06999999999999984,-1.8667,94217.93,34786.67,0.3895,3.768,109650.686,3.853,161918.737,3.829,170222.5265,3.7777,148800.3427,3.7722,132717.2243,4.0136,132124.643,,
72,20210412,600635.SH,3.73,3.78,3.7,3.75,3.74,0.009999999999999787,0.2674,92730.04,34684.237,0.3834,3.802,122681.076,3.885,185797.205,3.8315,171420.5315,3.777,148249.591,3.7775,133510.0093,4.0212,133470.9813,,
73,20210409,600635.SH,3.79,3.81,3.72,3.74,3.8,-0.05999999999999961,-1.5789,128794.05,48361.735,0.5325,3.838,135575.484,3.895,193703.009,3.8285,173116.062,3.7723,149218.8673,3.7827,134014.04,4.0269,133313.924,,
74,20210408,600635.SH,3.87,3.89,3.79,3.8,3.87,-0.07000000000000028,-1.8088,128490.27,49057.132,0.5312,3.882,143087.15,3.898,198422.522,3.8235,170089.3245,3.7707,148807.5353,3.788,135480.446,4.0328,133093.8707,,
75,20210407,600635.SH,3.87,3.9,3.84,3.87,3.85,0.020000000000000018,0.5195,104021.14,40213.823,0.4301,3.926,176143.598,3.906,210935.827,3.8125,168008.886,3.7657,147507.554,3.7937,135630.3528,4.0386,132732.5988,,
76,20210406,600635.SH,3.93,3.94,3.83,3.85,3.93,-0.08000000000000007,-2.0356,159369.88,61664.579,0.6589,3.938,214186.788,3.901,231653.641,3.8005,170045.1265,3.7587,147838.678,3.7977,136290.8962,4.044,133344.7443,,
77,20210402,600635.SH,3.96,4.01,3.89,3.93,3.96,-0.029999999999999805,-0.7576,157202.08,61903.361,0.6499,3.968,248913.334,3.896,231105.95,3.7935,167857.336,3.7543,148684.6947,3.8023,136590.2518,4.0483,132812.6712,,
78,20210401,600635.SH,3.99,4.01,3.94,3.96,4.02,-0.05999999999999961,-1.4925,166352.38,65996.941,0.6877,3.952,251830.534,3.875,225942.295,3.7835,166697.3725,3.746,148860.3957,3.8058,137162.2438,4.0512,132071.6656,,
79,20210331,600635.SH,3.91,4.03,3.89,4.02,3.93,0.08999999999999941,2.2901,293772.51,117079.641,1.2145,3.914,253757.894,3.851,218645.479,3.7695,163365.573,3.733,148006.45,3.8095,137391.2787,4.0542,131219.7998,,
80,20210330,600635.SH,4.03,4.05,3.87,3.93,4.0,-0.06999999999999984,-1.75,294237.09,115577.43,1.2165,3.886,245728.056,3.822,197780.497,3.7535,153006.5675,3.7143,141124.3717,3.8132,136972.1963,4.0567,129358.8004,,
81,20210329,600635.SH,3.86,4.0,3.85,4.0,3.85,0.1499999999999999,3.8961,333002.61,131157.323,1.3767,3.864,249120.494,3.805,178526.316,3.74,142241.1455,3.6983,134917.8643,3.82,139171.3045,4.0601,127677.0622,,
82,20210326,600635.SH,3.77,3.91,3.76,3.85,3.77,0.08000000000000007,2.122,171788.08,66303.515,0.7102,3.824,213298.566,3.778,157043.858,3.723,129475.784,3.679,127082.094,3.8245,140770.9052,4.0633,125807.0705,,
83,20210325,600635.SH,3.86,3.89,3.77,3.77,3.88,-0.10999999999999988,-2.8351,175989.18,67123.377,0.7276,3.798,200054.056,3.762,152529.115,3.711,126976.7965,3.6643,125122.6657,3.8287,140782.8615,4.0686,124872.4282,,
84,20210324,600635.SH,3.8,3.94,3.78,3.88,3.82,0.06000000000000005,1.5707,253623.32,97964.074,1.0486,3.788,183533.064,3.749,141756.127,3.707,124000.042,3.6523,126062.4373,3.8337,138906.5635,4.0745,124158.5351,,
85,20210323,600635.SH,3.78,3.94,3.77,3.82,3.8,0.020000000000000018,0.5263,311199.28,120053.74,1.2866,3.758,149832.938,3.719,125081.945,3.6955,115793.4175,3.6423,122720.7933,3.8363,136777.1093,4.08,122858.4346,,
86,20210322,600635.SH,3.75,3.8,3.74,3.8,3.72,0.07999999999999963,2.1505,153892.97,58134.318,0.6362,3.746,107932.138,3.7,108436.612,3.6875,105931.1965,3.638,114478.721,3.8417,132825.7598,4.0863,121636.4088,,
87,20210319,600635.SH,3.73,3.77,3.68,3.72,3.72,0.0,0.0,105565.53,39429.552,0.4364,3.732,100789.15,3.691,104608.722,3.6835,107474.067,3.6343,113602.0107,3.8477,133197.836,4.0925,122553.7889,,
88,20210318,600635.SH,3.73,3.77,3.7,3.72,3.73,-0.009999999999999787,-0.2681,93384.22,34862.47,0.3861,3.726,105004.174,3.692,107452.45,3.6815,110319.446,3.636,113501.0603,3.8537,133165.777,4.0985,122422.3288,,
89,20210317,600635.SH,3.77,3.77,3.72,3.73,3.76,-0.029999999999999805,-0.7979,85122.69,31806.983,0.3519,3.71,99979.19,3.688,108085.667,3.674,112686.9355,3.6397,113047.9933,3.8595,132548.8463,4.105,122296.7163,,
90,20210316,600635.SH,3.73,3.76,3.71,3.76,3.73,0.029999999999999805,0.8043,101695.28,38078.798,0.4204,3.68,100330.952,3.685,108232.638,3.6605,112796.309,3.645,113343.3673,3.8653,132515.5232,4.1116,122308.5713,,
91,20210315,600635.SH,3.69,3.77,3.69,3.73,3.69,0.040000000000000036,1.084,118178.03,44095.627,0.4886,3.654,108941.086,3.675,105955.975,3.645,113113.6385,3.6477,114446.2947,3.8712,131733.7355,4.1177,122221.0376,,
92,20210312,600635.SH,3.64,3.72,3.61,3.69,3.64,0.04999999999999982,1.3736,126640.65,46584.677,0.5236,3.65,108428.294,3.668,101907.71,3.6295,112101.212,3.6527,117331.8603,3.8778,133089.4122,4.1237,122859.3705,,
93,20210311,600635.SH,3.57,3.64,3.57,3.64,3.58,0.06000000000000005,1.676,68259.3,24638.919,0.2822,3.658,109900.726,3.66,101424.478,3.6155,111419.441,3.663,117998.1527,3.8867,132065.7532,4.1314,123132.479,,
94,20210310,600635.SH,3.62,3.66,3.57,3.58,3.63,-0.04999999999999982,-1.3774,86881.5,31341.355,0.3592,3.666,116192.144,3.665,106243.957,3.604,118215.5925,3.6763,118915.928,3.8963,132706.774,4.1401,123684.4846,,
95,20210309,600635.SH,3.71,3.72,3.55,3.63,3.71,-0.08000000000000007,-2.1563,144745.95,52676.813,0.5984,3.69,116134.324,3.672,106504.89,3.604,121540.2175,3.6917,118095.2743,3.9077,132713.134,4.1491,124272.4,,
96,20210308,600635.SH,3.74,3.78,3.7,3.71,3.73,-0.020000000000000018,-0.5362,115614.07,43245.385,0.478,3.696,102970.864,3.675,103425.781,3.607,117499.7755,3.706,116590.6813,3.9187,132309.196,4.1582,124377.6744,,
97,20210305,600635.SH,3.68,3.77,3.68,3.73,3.68,0.04999999999999982,1.3587,134002.81,49885.424,0.554,3.686,95387.126,3.676,110339.412,3.606,118098.655,3.7173,115903.5883,3.9288,132421.9188,4.1667,124942.6612,,
98,20210304,600635.SH,3.69,3.72,3.67,3.68,3.7,-0.020000000000000018,-0.5405,99716.39,36841.187,0.4123,3.662,92948.23,3.671,113186.442,3.608,116525.3655,3.7287,114379.1457,3.9393,134287.9192,4.1755,124959.2592,,
99,20210303,600635.SH,3.64,3.71,3.64,3.7,3.66,0.040000000000000036,1.0929,86592.4,31954.918,0.358,3.664,96295.77,3.66,117288.204,3.6155,115529.1565,3.7413,114040.6367,3.9497,134525.221,4.1847,125510.2078,,
100,20210302,600635.SH,3.66,3.71,3.63,3.66,3.66,0.0,0.0,78928.65,28929.168,0.3263,3.654,96875.456,3.636,117359.98,3.625,115898.732,3.7533,115637.354,3.9598,135607.7768,4.1942,126481.9658,,
101,20210301,600635.SH,3.65,3.67,3.62,3.66,3.61,0.050000000000000266,1.385,77695.38,28343.936,0.3212,3.654,103880.698,3.615,120271.302,3.634,118691.4545,3.7667,116634.106,3.9703,136453.8615,4.2039,127286.3443,,
102,20210226,600635.SH,3.64,3.65,3.6,3.61,3.69,-0.08000000000000007,-2.168,121808.33,44169.808,0.5036,3.666,125291.698,3.591,122294.714,3.645,125043.9355,3.778,118770.4277,3.9808,136601.2583,4.2135,128400.0875,,
103,20210225,600635.SH,3.66,3.72,3.66,3.69,3.65,0.040000000000000036,1.0959,116454.09,42976.072,0.4815,3.68,133424.654,3.571,121414.404,3.6645,126284.99,3.793,118809.2127,3.992,136124.5482,4.2238,128887.618,,
104,20210224,600635.SH,3.66,3.7,3.62,3.65,3.66,-0.010000000000000231,-0.2732,89490.83,32770.662,0.37,3.656,138280.638,3.543,130187.228,3.682,125251.9135,3.8053,122153.3567,4.0022,136169.4918,4.2339,129540.557,,
105,20210223,600635.SH,3.73,3.75,3.65,3.66,3.72,-0.06000000000000005,-1.6129,113954.86,42042.323,0.4711,3.618,137844.504,3.536,136575.545,3.7015,123890.4665,3.8217,123753.1517,4.014,136268.8288,4.2449,130594.5071,,
106,20210222,600635.SH,3.68,3.78,3.67,3.72,3.68,0.040000000000000036,1.087,184750.38,68826.042,0.7638,3.576,136661.906,3.539,131573.77,3.7215,123173.1315,3.8367,124743.1143,4.0262,137566.3075,4.2563,132695.0371,,
107,20210219,600635.SH,3.57,3.68,3.54,3.68,3.57,0.11000000000000032,3.0812,162473.11,58976.033,0.6717,3.516,119297.73,3.536,125857.898,3.738,118685.6765,3.8503,124495.809,4.0365,136442.8892,4.2661,132379.9843,,
108,20210218,600635.SH,3.5,3.59,3.49,3.57,3.46,0.10999999999999988,3.1792,140734.01,50004.952,0.5818,3.462,109404.154,3.545,119864.289,3.7575,114975.4975,3.8657,125464.092,4.047,135119.3928,4.2765,132799.8818,,
109,20210210,600635.SH,3.46,3.47,3.43,3.46,3.45,0.009999999999999787,0.2899,87310.16,30130.607,0.361,3.43,122093.818,3.571,113770.109,3.782,112416.853,3.886,126776.1073,4.0595,134740.0225,4.2884,133440.0363,,
110,20210209,600635.SH,3.43,3.46,3.4,3.45,3.42,0.03000000000000025,0.8772,108041.87,36996.792,0.4467,3.454,135306.586,3.614,114437.484,3.812,114776.041,3.912,132820.021,4.0732,135009.7165,4.3014,134583.2721,,
111,20210208,600635.SH,3.41,3.46,3.39,3.42,3.41,0.009999999999999787,0.2933,97929.5,33591.143,0.4049,3.502,126485.634,3.653,117111.607,3.8425,114815.508,3.9417,143424.7447,4.0873,134937.931,4.3137,134684.4885,,
112,20210205,600635.SH,3.43,3.47,3.39,3.41,3.41,0.0,0.0,113005.23,38725.309,0.4672,3.556,132418.066,3.699,127793.157,3.8715,117008.2845,3.97,154459.7163,4.1008,134864.3925,4.326,135476.3537,,
113,20210204,600635.SH,3.57,3.57,3.37,3.41,3.58,-0.16999999999999993,-4.7486,204182.33,70223.925,0.8442,3.628,130324.424,3.758,131155.576,3.904,117506.617,3.993,156443.0573,4.1152,134675.6833,4.3378,136208.7078,,
114,20210203,600635.SH,3.67,3.69,3.56,3.58,3.69,-0.10999999999999988,-2.981,153374.0,55362.195,0.6341,3.712,105446.4,3.821,120316.599,3.9365,118136.421,4.015,151750.6897,4.13,133023.7153,4.3499,136672.1407,,
115,20210202,600635.SH,3.69,3.71,3.66,3.69,3.69,0.0,0.0,63937.11,23571.42,0.2643,3.774,93568.382,3.867,111205.388,3.9645,117341.955,4.0303,150833.4253,4.142,132751.2943,4.3617,137330.6493,,
116,20210201,600635.SH,3.77,3.82,3.66,3.69,3.77,-0.08000000000000007,-2.122,127591.66,47242.535,0.5275,3.804,107737.58,3.904,114772.493,3.9855,121327.7865,4.0453,151172.7987,4.153,134295.9487,4.3721,139842.8807,,
117,20210129,600635.SH,3.86,3.89,3.73,3.77,3.83,-0.06000000000000005,-1.5666,102537.02,38823.832,0.4239,3.842,123168.248,3.94,111513.455,4.0075,123814.7645,4.061,152793.6613,4.1632,133593.806,4.3835,142462.3269,,
118,20210128,600635.SH,3.86,3.89,3.81,3.83,3.89,-0.06000000000000005,-1.5424,79792.21,30778.393,0.3299,3.888,131986.728,3.97,110086.706,4.026,128263.9935,4.0713,152830.4937,4.1727,133903.8843,4.394,144540.9106,,
119,20210127,600635.SH,3.83,3.95,3.83,3.89,3.84,0.050000000000000266,1.3021,93983.91,36642.733,0.3886,3.93,135186.798,3.993,111063.597,4.0435,133279.1065,4.0793,152049.6993,4.181,133796.25,4.4041,147505.5501,,
120,20210126,600635.SH,3.87,3.9,3.79,3.84,3.88,-0.040000000000000036,-1.0309,134783.1,51684.77,0.5572,3.96,128842.394,4.01,115114.598,4.061,142011.2895,4.0857,151687.679,4.1883,133910.9618,4.4135,150132.5769,,
121,20210125,600635.SH,4.01,4.01,3.86,3.88,4.0,-0.1200000000000001,-3.0,204745.0,80161.785,0.8465,4.004,121807.406,4.032,112519.409,4.086,156581.3135,4.0947,149021.1763,4.1952,133682.6517,4.4222,151408.3963,,
122,20210122,600635.SH,4.03,4.04,3.98,4.0,4.04,-0.040000000000000036,-0.9901,146629.42,58629.291,0.6062,4.038,99858.662,4.044,106223.412,4.1055,167792.996,4.103,148846.964,4.2008,132572.0272,4.4305,152432.0883,,
123,20210121,600635.SH,4.05,4.05,4.02,4.04,4.04,0.0,0.0,95792.56,38652.47,0.396,4.052,88186.684,4.05,103857.658,4.1105,169086.798,4.1103,146133.3537,4.206,131671.524,4.4377,153487.1837,,
124,20210120,600635.SH,4.06,4.06,4.03,4.04,4.06,-0.019999999999999574,-0.4926,62261.89,25179.194,0.2574,4.056,86940.396,4.052,115956.243,4.112,167467.735,4.1163,146497.62,4.2112,131102.5537,4.4438,154510.5657,,
125,20210119,600635.SH,4.06,4.08,4.03,4.06,4.05,0.009999999999999787,0.2469,99608.16,40370.992,0.4118,4.06,101386.802,4.062,123478.522,4.112,170647.444,4.1237,147330.9937,4.2162,131437.1813,4.4498,156872.8339,,
126,20210118,600635.SH,4.08,4.09,4.04,4.05,4.07,-0.020000000000000462,-0.4914,95001.28,38573.152,0.3928,4.06,103231.412,4.067,127883.08,4.116,169372.9515,4.1313,148027.7107,4.2212,131126.1552,4.456,162227.0481,,
127,20210115,600635.SH,4.07,4.09,4.05,4.07,4.06,0.010000000000000675,0.2463,88269.53,35925.098,0.3649,4.05,112588.162,4.075,136116.074,4.1215,173433.7645,4.1403,148940.2493,4.2272,131274.7138,4.4648,166176.39,,
128,20210114,600635.SH,4.05,4.08,4.02,4.06,4.06,0.0,0.0,89561.12,36315.6,0.3703,4.048,119528.632,4.082,146441.281,4.122,174202.3875,4.15,154196.6927,4.2342,131957.4387,4.4745,170669.6556,,
129,20210113,600635.SH,4.07,4.12,4.02,4.06,4.06,0.0,0.0,134493.92,54579.972,0.556,4.048,144972.09,4.094,155494.616,4.1225,172542.7505,4.158,155009.8053,4.2407,131700.2872,4.4848,179049.666,,
130,20210112,600635.SH,4.0,4.06,4.0,4.06,4.0,0.05999999999999961,1.5,108831.21,43997.65,0.4499,4.064,145570.242,4.112,168907.981,4.1235,169974.2195,4.1663,155578.1997,4.248,130783.7993,4.4973,187157.2989,,
131,20210111,600635.SH,4.06,4.07,3.99,4.0,4.06,-0.05999999999999961,-1.4778,141785.03,56927.196,0.5862,4.074,152534.748,4.14,200643.218,4.126,167272.06,4.174,156273.617,4.255,131532.0617,4.507,195933.7942,,
132,20210108,600635.SH,4.02,4.08,4.01,4.06,4.06,0.0,0.0,122971.88,49755.918,0.5084,4.1,159643.986,4.167,229362.58,4.1325,170158.74,4.1837,154432.089,4.2648,133431.9533,4.5158,202599.5647,,
133,20210107,600635.SH,4.14,4.15,4.02,4.06,4.14,-0.08000000000000007,-1.9324,216778.41,87958.224,0.8962,4.116,173353.93,4.171,234315.938,4.1405,167271.2015,4.191,153439.8837,4.2712,132613.808,4.5262,208494.9017,,
134,20210106,600635.SH,4.09,4.15,4.08,4.14,4.11,0.02999999999999936,0.7299,137484.68,56583.003,0.5684,4.14,166017.142,4.172,218979.227,4.1485,161768.3085,4.199,150185.627,4.2775,130707.2953,4.5369,213173.1677,,
135,20210105,600635.SH,4.09,4.12,4.07,4.11,4.13,-0.019999999999999574,-0.4843,143653.74,58708.988,0.5939,4.16,192245.72,4.162,217816.366,4.1545,159257.2295,4.2063,148784.506,4.2835,129834.8448,4.5482,219061.7982,,
136,20210104,600635.SH,4.15,4.16,4.1,4.13,4.14,-0.009999999999999787,-0.2415,177331.22,73059.814,0.7331,4.206,248751.688,4.165,210862.823,4.1635,158100.026,4.2157,150389.5007,4.2903,130398.5925,4.5581,227110.488,,
137,20201231,600635.SH,4.18,4.22,4.11,4.14,4.18,-0.040000000000000036,-0.9569,191521.6,79553.592,0.7918,4.234,299081.174,4.168,210751.455,4.173,155352.337,4.2227,148389.9693,4.2943,129035.0907,4.5671,232549.2492,,
138,20201230,600635.SH,4.03,4.23,4.03,4.18,4.24,-0.0600000000000005,-1.4151,180094.47,75187.753,0.7446,4.226,295277.946,4.162,201963.494,4.184,158074.3985,4.2283,144774.6937,4.2967,126981.0873,4.576,238694.8167,,
139,20201229,600635.SH,4.32,4.33,4.2,4.24,4.34,-0.09999999999999964,-2.3041,268627.57,114303.937,1.1106,4.204,271941.312,4.151,189590.885,4.19,154767.4,4.233,142703.9377,4.299,125048.3208,4.583,245007.4058,,
140,20201228,600635.SH,4.28,4.37,4.24,4.34,4.27,0.07000000000000028,1.6393,426183.58,183764.761,1.762,4.164,243387.012,4.135,171040.458,4.1935,148913.309,4.2343,137199.412,4.3002,121745.4045,4.5897,251847.4382,,
141,20201225,600635.SH,4.08,4.33,4.06,4.27,4.1,0.16999999999999993,4.1463,428978.65,182379.528,1.7735,4.124,172973.958,4.112,133900.902,4.191,134088.8165,4.233,126451.1173,4.3002,116182.8198,,,,
142,20201224,600635.SH,4.06,4.19,4.01,4.1,4.07,0.02999999999999936,0.7371,172505.46,70667.869,0.7132,4.102,122421.736,4.098,110954.9,4.192,116966.8435,4.2317,115269.0687,4.3022,110843.2358,,,,
143,20201223,600635.SH,4.03,4.08,4.03,4.07,4.04,0.03000000000000025,0.7426,63411.3,25721.155,0.2622,4.098,108649.042,4.11,100226.465,4.201,113001.8565,4.2373,112908.3093,4.3085,108961.9948,,,,
144,20201222,600635.SH,4.13,4.14,4.02,4.04,4.14,-0.09999999999999964,-2.4155,125856.07,51275.681,0.5203,4.098,107240.458,4.125,104557.39,4.2125,115788.827,4.245,114296.741,4.3153,109410.5067,,,,
145,20201221,600635.SH,4.14,4.16,4.12,4.14,4.16,-0.020000000000000462,-0.4808,74118.31,30690.023,0.3064,4.106,98693.904,4.147,100698.093,4.2285,114268.576,4.2537,114669.1633,4.3237,108939.7598,,,,
146,20201218,600635.SH,4.09,4.25,4.07,4.16,4.08,0.08000000000000007,1.9608,176217.54,73281.654,0.7285,4.1,94827.846,4.162,105337.229,4.241,120152.8395,4.2607,117419.0987,4.331,110447.0578,,,,
147,20201217,600635.SH,4.07,4.09,4.0,4.08,4.07,0.009999999999999787,0.2457,103641.99,41924.841,0.4285,4.094,99488.064,4.178,99953.219,4.25,117209.2265,4.2653,114393.9507,4.3373,111909.7418,,,,
148,20201216,600635.SH,4.1,4.11,4.04,4.07,4.08,-0.009999999999999787,-0.2451,56368.38,22934.724,0.233,4.122,91803.888,4.206,114185.303,4.2615,116180.2935,4.274,114977.275,4.3433,111678.8805,,,,
149,20201215,600635.SH,4.12,4.13,4.04,4.08,4.11,-0.03000000000000025,-0.7299,83123.3,33906.622,0.3437,4.152,101874.322,4.229,119943.915,4.274,119260.464,4.2827,115542.8007,4.3505,112044.5863,,,,
150,20201214,600635.SH,4.09,4.14,4.09,4.11,4.13,-0.019999999999999574,-0.4843,54788.02,22532.036,0.2265,4.188,102702.282,4.252,126786.16,4.284,120278.889,4.291,116134.2447,4.3578,112101.6193,,,,
151,20201211,600635.SH,4.21,4.23,4.08,4.13,4.22,-0.08999999999999986,-2.1327,199518.63,82363.648,0.8249,4.224,115846.612,4.27,134276.731,4.2935,122726.225,4.2957,118344.127,4.3642,112708.3397,,,,
152,20201210,600635.SH,4.22,4.23,4.2,4.22,4.22,0.0,0.0,65221.11,27483.355,0.2696,4.262,100418.374,4.286,122978.787,4.2985,117426.153,4.2987,116297.0903,4.3697,112629.3288,,,,
153,20201209,600635.SH,4.27,4.29,4.21,4.22,4.26,-0.040000000000000036,-0.939,106720.55,45307.011,0.4412,4.29,136566.718,4.292,125777.248,4.301,119249.2315,4.3017,117209.6943,4.3762,114199.2048,,,,
154,20201208,600635.SH,4.28,4.29,4.26,4.26,4.29,-0.03000000000000025,-0.6993,87263.1,37259.083,0.3608,4.306,138013.508,4.3,127020.264,4.305,119166.4165,4.306,115707.4873,4.3838,114662.1952,,,,
155,20201207,600635.SH,4.32,4.32,4.28,4.29,4.32,-0.03000000000000025,-0.6944,120509.67,51725.087,0.4982,4.316,150870.038,4.31,127839.059,4.307,121654.6985,4.3087,115543.369,4.3905,115831.666,,,,
156,20201204,600635.SH,4.32,4.35,4.3,4.32,4.36,-0.040000000000000036,-0.9174,122377.44,52813.752,0.5059,4.316,152706.85,4.32,134968.45,4.31,123460.0335,4.311,114224.5997,4.3978,116446.1528,,,,
157,20201203,600635.SH,4.3,4.38,4.28,4.36,4.3,0.0600000000000005,1.3953,245962.83,106891.142,1.0169,4.31,145539.2,4.322,134465.234,4.309,121614.3165,4.314,113609.1783,4.4045,117463.4035,,,,
158,20201202,600635.SH,4.32,4.33,4.29,4.3,4.31,-0.009999999999999787,-0.232,113954.5,49104.324,0.4711,4.294,114987.778,4.317,118175.284,4.308,115373.261,4.3183,109718.1847,4.4117,115630.5992,,,,
159,20201201,600635.SH,4.28,4.34,4.25,4.31,4.29,0.019999999999999574,0.4662,151545.75,64997.184,0.6265,4.294,116027.02,4.319,118577.013,4.3095,113342.2435,4.3233,108390.769,4.4197,116495.1947,,,,
160,20201130,600635.SH,4.33,4.33,4.28,4.29,4.29,0.0,0.0,129693.73,55877.001,0.5362,4.304,104808.08,4.316,113771.618,4.3105,110808.287,4.3297,105989.399,4.4285,117356.1548,,,,
161,20201127,600635.SH,4.29,4.31,4.26,4.29,4.28,0.009999999999999787,0.2336,86539.19,37051.823,0.3578,4.324,117230.05,4.317,111175.719,4.3085,110377.825,4.336,106790.5063,4.4375,118118.8272,,,,
162,20201126,600635.SH,4.28,4.31,4.27,4.28,4.3,-0.019999999999999574,-0.4651,93205.72,39918.208,0.3853,4.334,123391.268,4.311,111873.519,4.305,112956.242,4.346,112431.8177,4.4462,120198.9167,,,,
163,20201125,600635.SH,4.37,4.39,4.29,4.3,4.36,-0.0600000000000005,-1.3761,119150.71,51715.499,0.4926,4.34,121362.79,4.31,112721.215,4.3065,112925.9175,4.3513,111787.7323,4.4557,121650.6878,,,,
164,20201124,600635.SH,4.37,4.39,4.36,4.36,4.39,-0.02999999999999936,-0.6834,95451.05,41717.64,0.3946,4.344,121127.006,4.31,111312.569,4.309,110051.099,4.356,111228.9637,4.4657,122911.6222,,,,
165,20201123,600635.SH,4.34,4.4,4.3,4.39,4.34,0.04999999999999982,1.1521,191803.58,83712.3,0.793,4.328,122735.156,4.304,115470.338,4.308,109395.524,4.3607,110885.1837,4.4758,124920.1853,,,,
166,20201120,600635.SH,4.3,4.35,4.28,4.34,4.31,0.03000000000000025,0.6961,117345.28,50665.518,0.4851,4.31,105121.388,4.3,111951.617,4.3065,103852.6745,4.365,110407.6843,4.4865,127823.7667,,,,
167,20201119,600635.SH,4.31,4.32,4.28,4.31,4.32,-0.010000000000000675,-0.2315,83063.33,35728.808,0.3434,4.288,100355.77,4.296,108763.399,4.31,103181.1505,4.366,109680.212,4.4957,128317.0793,,,,
168,20201118,600635.SH,4.28,4.34,4.27,4.32,4.28,0.040000000000000036,0.9346,117971.79,50838.939,0.4877,4.28,104079.64,4.299,112571.238,4.319,105489.635,4.365,109187.481,4.506,130480.3708,,,,
169,20201117,600635.SH,4.3,4.31,4.27,4.28,4.3,-0.019999999999999574,-0.4651,103491.8,44398.84,0.4279,4.276,101498.132,4.3,108107.474,4.3255,103297.647,4.365,107392.704,4.5173,132140.05,,,,
170,20201116,600635.SH,4.24,4.3,4.23,4.3,4.23,0.0699999999999994,1.6548,103734.74,44330.359,0.4289,4.28,108205.52,4.305,107844.956,4.3365,102098.2895,4.366,106291.397,4.5297,134156.8277,,,,
171,20201113,600635.SH,4.25,4.27,4.21,4.23,4.27,-0.03999999999999915,-0.9368,93517.19,39529.694,0.3866,4.29,118781.846,4.3,109579.931,4.3455,104597.9,4.3673,105914.5223,4.54,134431.046,,,,
172,20201112,600635.SH,4.28,4.3,4.25,4.27,4.3,-0.03000000000000025,-0.6977,101682.68,43380.804,0.4204,4.304,117171.028,4.299,114038.965,4.3635,112710.967,4.3727,106417.403,4.5512,136088.315,,,,
173,20201111,600635.SH,4.31,4.34,4.27,4.3,4.3,0.0,0.0,105064.25,45234.734,0.4344,4.318,121062.836,4.303,113130.62,4.372,111320.991,4.3797,105015.6803,4.5603,137741.7322,,,,
174,20201110,600635.SH,4.36,4.38,4.29,4.3,4.35,-0.04999999999999982,-1.1494,137028.74,59346.421,0.5665,4.324,114716.816,4.308,108789.629,4.379,111187.161,4.3857,104524.2723,4.5698,140320.5662,,,,
175,20201109,600635.SH,4.3,4.38,4.3,4.35,4.3,0.04999999999999982,1.1628,156616.37,68035.449,0.6475,4.33,107484.392,4.312,103320.71,4.389,108592.6065,4.3937,103210.3563,4.5813,141910.0043,,,,
176,20201106,600635.SH,4.35,4.35,4.3,4.3,4.34,-0.040000000000000036,-0.9217,85463.1,36842.927,0.3533,4.31,100378.016,4.313,95753.732,4.3975,109635.718,4.4013,103475.017,4.5913,145389.8127,,,,
177,20201105,600635.SH,4.35,4.36,4.31,4.34,4.33,0.009999999999999787,0.2309,121141.72,52444.977,0.5008,4.294,110906.902,4.324,97598.902,4.401,110138.6185,4.4093,109425.533,4.6039,151330.8478,,,,
178,20201104,600635.SH,4.33,4.37,4.29,4.33,4.33,0.0,0.0,73334.15,31688.894,0.3032,4.288,105198.404,4.339,98408.032,4.398,107495.6025,4.4127,108380.486,4.6154,155177.9368,,,,
179,20201103,600635.SH,4.26,4.34,4.24,4.33,4.25,0.08000000000000007,1.8824,100866.62,43417.685,0.417,4.292,102862.442,4.351,98487.82,4.3975,107035.319,4.4183,108546.372,4.6272,161214.8502,,,,
180,20201102,600635.SH,4.21,4.29,4.19,4.25,4.22,0.03000000000000025,0.7109,121084.49,51418.479,0.5006,4.294,99157.028,4.368,96351.623,4.3965,105514.6175,4.4247,108068.994,4.6387,166354.192,,,,
181,20201030,600635.SH,4.32,4.34,4.2,4.22,4.31,-0.08999999999999986,-2.0882,138107.53,58903.747,0.571,4.316,91129.448,4.391,99615.869,4.401,104081.818,4.4327,107072.5523,4.6492,169134.1408,,,,
182,20201029,600635.SH,4.3,4.34,4.29,4.31,4.35,-0.040000000000000036,-0.9195,92599.23,39909.405,0.3828,4.354,84290.902,4.428,111382.969,4.4095,102606.622,4.4407,108961.5673,4.6602,172292.1495,,,,
183,20201028,600635.SH,4.33,4.36,4.32,4.35,4.34,0.009999999999999787,0.2304,61654.34,26732.459,0.2549,4.39,91617.66,4.441,109511.362,4.418,100958.2105,4.4507,111188.7153,4.6693,175302.8435,,,,
184,20201027,600635.SH,4.35,4.36,4.31,4.34,4.36,-0.020000000000000462,-0.4587,82339.55,35664.867,0.3404,4.41,94113.198,4.45,113584.693,4.4245,102391.594,4.4617,113616.903,4.6765,177918.5777,,,,
185,20201026,600635.SH,4.4,4.43,4.35,4.36,4.41,-0.04999999999999982,-1.1338,80946.59,35494.21,0.3347,4.442,93546.218,4.466,113864.503,4.4345,103155.1795,4.4723,116119.963,4.6834,182308.4865,,,,
186,20201023,600635.SH,4.46,4.5,4.4,4.41,4.49,-0.08000000000000007,-1.7817,103914.8,46239.22,0.4296,4.466,108102.29,4.482,123517.704,4.4455,107335.6595,4.4847,118667.706,4.6909,193327.941,,,,
187,20201022,600635.SH,4.45,4.53,4.4,4.49,4.45,0.040000000000000036,0.8989,129233.02,57675.527,0.5343,4.502,138475.036,4.478,122678.335,4.452,115338.8485,4.495,121317.6287,4.7025,201078.0662,,,,
188,20201021,600635.SH,4.48,4.5,4.43,4.45,4.5,-0.04999999999999982,-1.1111,74132.03,33020.834,0.3065,4.492,127405.064,4.457,116583.173,4.4495,113366.713,4.505,121543.0137,4.7148,209381.8725,,,,
189,20201020,600635.SH,4.44,4.51,4.44,4.5,4.48,0.019999999999999574,0.4464,79504.65,35551.551,0.3287,4.49,133056.188,4.444,115582.818,4.452,113575.648,4.516,124599.6203,4.7288,226399.0448,,,,
190,20201019,600635.SH,4.59,4.6,4.45,4.48,4.59,-0.10999999999999943,-2.3965,153726.95,69566.725,0.6356,4.49,134182.788,4.425,114677.612,4.453,113927.6795,4.5273,128722.9107,4.7465,243530.7985,,,,
191,20201016,600635.SH,4.45,4.59,4.44,4.59,4.44,0.14999999999999947,3.3784,255778.53,116333.062,1.0575,4.498,138933.118,4.411,108547.767,4.4535,110800.894,4.539,129447.148,4.759,260335.5267,,,,
192,20201015,600635.SH,4.48,4.48,4.42,4.44,4.44,0.0,0.0,73883.16,32852.244,0.3055,4.454,106881.634,4.391,93830.275,4.447,107750.8665,4.5463,127966.0157,4.7667,271767.1762,,,,
193,20201014,600635.SH,4.48,4.49,4.44,4.44,4.5,-0.05999999999999961,-1.3333,102387.65,45632.146,0.4233,4.422,105761.282,4.395,92405.059,4.4555,112027.392,4.56,131513.6433,4.7812,284375.9953,,,,
194,20201013,600635.SH,4.5,4.51,4.47,4.5,4.52,-0.019999999999999574,-0.4425,85137.65,38191.448,0.352,4.398,98109.448,4.399,91198.495,4.4675,113633.008,4.5753,134594.2807,4.7964,295639.04,,,,
195,20201012,600635.SH,4.4,4.52,4.38,4.52,4.37,0.14999999999999947,3.4325,177478.6,79435.11,0.7337,4.36,95172.436,4.403,92445.856,4.4755,117247.693,4.591,138955.187,4.8129,308288.7515,,,,
196,20201009,600635.SH,4.33,4.39,4.32,4.37,4.28,0.08999999999999986,2.1028,95521.11,41639.235,0.3949,4.324,78162.416,4.409,91153.615,4.486,116242.707,4.608,145239.849,4.8258,323822.3835,,,,
197,20200930,600635.SH,4.35,4.35,4.28,4.28,4.32,-0.040000000000000036,-0.9259,68281.4,29401.532,0.2823,4.328,80778.916,4.426,107999.362,4.5035,120637.2755,4.6253,146953.9467,4.8398,336063.4078,,,,
198,20200929,600635.SH,4.32,4.35,4.3,4.32,4.31,0.010000000000000675,0.232,64128.48,27751.39,0.2651,4.368,79048.836,4.442,110150.253,4.529,124022.934,4.647,151773.2607,4.8554,350408.546,,,,
199,20200928,600635.SH,4.36,4.37,4.3,4.31,4.34,-0.03000000000000025,-0.6912,70452.59,30455.392,0.2913,4.4,84287.542,4.46,111568.478,4.552,129108.0215,4.6697,156887.396,4.867,364966.4907,,,,
200,20200925,600635.SH,4.4,4.42,4.33,4.34,4.39,-0.04999999999999982,-1.139,92428.5,40403.404,0.3821,4.446,89719.276,4.481,113177.747,4.5785,135745.56,4.6933,162022.2583,4.8793,381949.4718,,,,
201,20200924,600635.SH,4.45,4.47,4.39,4.39,4.48,-0.09000000000000075,-2.0089,108603.61,47931.377,0.449,4.494,104144.814,4.496,113054.021,4.603,139896.8385,4.7127,162947.5697,,,,,,
202,20200923,600635.SH,4.5,4.5,4.45,4.48,4.48,0.0,0.0,59631.0,26695.88,0.2465,4.524,135219.808,4.503,121671.458,4.624,145033.886,4.7297,165759.227,,,,,,
203,20200922,600635.SH,4.52,4.54,4.47,4.48,4.54,-0.05999999999999961,-1.3216,90322.01,40663.561,0.3734,4.516,141251.67,4.516,131649.725,4.6425,151067.9355,4.741,170467.784,,,,,,
204,20200921,600635.SH,4.58,4.59,4.53,4.54,4.58,-0.040000000000000036,-0.8734,97611.26,44465.192,0.4036,4.52,138849.414,4.536,136067.521,4.6635,156292.1735,4.754,176116.86,,,,,,
205,20200918,600635.SH,4.48,4.58,4.48,4.58,4.54,0.040000000000000036,0.8811,164556.19,74697.37,0.6803,4.516,136636.218,4.548,142049.53,4.685,162209.8525,4.769,180609.6523,,,,,,
206,20200917,600635.SH,4.43,4.64,4.39,4.54,4.44,0.09999999999999964,2.2523,263978.58,119197.093,1.0914,4.498,121963.228,4.563,141331.799,4.7075,172282.966,4.7812,187304.6083,,,,,,
207,20200916,600635.SH,4.49,4.5,4.43,4.44,4.5,-0.05999999999999961,-1.3333,89790.31,40031.337,0.3712,4.482,108123.108,4.581,133275.189,4.725,166431.239,4.7985,193236.1627,,,,,,
208,20200915,600635.SH,4.5,4.53,4.47,4.5,4.52,-0.019999999999999574,-0.4425,78310.73,35121.04,0.3238,4.516,122047.78,4.616,137895.615,4.7495,172584.7645,4.8181,201975.3877,,,,,,
209,20200914,600635.SH,4.47,4.55,4.46,4.52,4.49,0.02999999999999936,0.6682,86545.28,39062.167,0.3578,4.552,133285.628,4.644,146647.565,4.7745,179546.855,4.836,213883.3283,,,,,,
210,20200911,600635.SH,4.42,4.5,4.41,4.49,4.46,0.03000000000000025,0.6726,91191.24,40699.433,0.377,4.58,147462.842,4.676,158313.373,4.7995,186444.514,4.8526,224639.39,,,,,,
211,20200910,600635.SH,4.65,4.65,4.42,4.46,4.61,-0.15000000000000036,-3.2538,194777.98,88210.938,0.8053,4.628,160700.37,4.71,166739.656,4.821,187894.344,4.8656,231195.7293,,,,,,
212,20200909,600635.SH,4.63,4.66,4.6,4.61,4.68,-0.0699999999999994,-1.4957,159413.67,73779.503,0.6591,4.68,158427.27,4.745,168396.314,4.843,187803.1115,4.8796,235622.7317,,,,,,
213,20200908,600635.SH,4.65,4.69,4.62,4.68,4.66,0.019999999999999574,0.4292,134499.97,62643.88,0.5561,4.716,153743.45,4.769,170486.146,4.8535,189876.8135,4.888,239416.9717,,,,,,
214,20200907,600635.SH,4.7,4.73,4.61,4.66,4.73,-0.07000000000000028,-1.4799,157431.35,73659.799,0.6509,4.736,160009.502,4.791,176516.826,4.863,196141.5295,4.8913,242220.2523,,,,,,
215,20200904,600635.SH,4.65,4.73,4.62,4.73,4.72,0.010000000000000675,0.2119,157378.88,73347.585,0.6507,4.772,169163.904,4.822,182370.175,4.8794,199889.7135,4.8944,248497.01,,,,,,
216,20200903,600635.SH,4.79,4.81,4.69,4.72,4.79,-0.07000000000000028,-1.4614,183412.48,86960.873,0.7583,4.792,172778.942,4.852,203234.133,4.8904,210291.013,4.8971,267988.176,,,,,,
217,20200902,600635.SH,4.8,4.84,4.78,4.79,4.78,0.009999999999999787,0.2092,135994.57,65329.612,0.5622,4.81,178365.358,4.869,199587.289,4.9073,223216.6495,4.91,280838.5037,,,,,,
218,20200901,600635.SH,4.82,4.83,4.74,4.78,4.84,-0.05999999999999961,-1.2397,165830.23,79285.527,0.6856,4.822,187228.842,4.883,207273.914,4.9192,234015.274,4.9245,297220.7313,,,,,,
219,20200831,600635.SH,4.83,4.88,4.8,4.84,4.83,0.009999999999999787,0.207,203203.36,98483.099,0.8401,4.846,193024.15,4.905,212446.145,4.9321,247501.21,4.9417,328198.4693,,,,,,
220,20200828,600635.SH,4.81,4.85,4.76,4.83,4.81,0.020000000000000462,0.4158,175454.07,84165.042,0.7254,4.872,195576.446,4.923,214575.655,4.941,257802.3985,4.9657,358338.6863,,,,,,
221,20200827,600635.SH,4.83,4.86,4.76,4.81,4.85,-0.040000000000000036,-0.8247,211344.56,101549.745,0.8738,4.912,233689.324,4.932,209049.032,4.9435,263423.766,4.9789,391223.9053,,,,,,
222,20200826,600635.SH,4.9,4.94,4.83,4.85,4.9,-0.05000000000000071,-1.0204,180311.99,87958.21,0.7455,4.928,220809.22,4.941,207209.909,4.947,269235.9405,4.9872,415568.3367,,,,,,
223,20200825,600635.SH,4.96,4.98,4.89,4.9,4.97,-0.0699999999999994,-1.4085,194806.77,95925.725,0.8054,4.944,227318.986,4.938,209267.481,4.9475,273882.3845,5.0023,437238.3473,,,,,,
224,20200824,600635.SH,5.01,5.04,4.94,4.97,5.03,-0.0600000000000005,-1.1928,215964.84,107330.256,0.8929,4.964,231868.14,4.935,215766.233,4.9415,275071.9655,5.0175,456683.7993,,,,,,
225,20200821,600635.SH,4.91,5.07,4.9,5.03,4.89,0.14000000000000057,2.863,366018.46,183004.385,1.5132,4.974,233574.864,4.9368,217409.252,4.9306,281560.4275,5.0349,477622.316,,,,,,
226,20200820,600635.SH,4.91,4.95,4.87,4.89,4.93,-0.040000000000000036,-0.8114,146944.04,72097.426,0.6075,4.952,184408.74,4.9287,217347.893,4.9196,300365.1975,5.0437,502404.918,,,,,,
227,20200819,600635.SH,5.02,5.03,4.92,4.93,5.0,-0.07000000000000028,-1.4,212860.82,105684.226,0.88,4.954,193610.598,4.9455,246846.01,4.9305,321464.111,5.0542,525172.869,,,,,,
228,20200818,600635.SH,5.02,5.06,4.98,5.0,5.02,-0.019999999999999574,-0.3984,217552.54,108995.317,0.8994,4.932,191215.976,4.9553,260756.634,4.9453,342194.14,5.0637,549043.8313,,,,,,
229,20200817,600635.SH,4.94,5.03,4.93,5.02,4.92,0.09999999999999964,2.0325,224498.46,112099.46,0.9281,4.906,199664.326,4.9591,282556.275,4.96,386074.6315,5.0644,573045.5853,,,,,,
230,20200814,600635.SH,4.9,4.94,4.85,4.92,4.9,0.019999999999999574,0.4082,120187.84,58783.512,0.4969,4.8997,201243.64,4.9589,301029.142,4.9871,430220.202,5.0653,601876.6853,,,,,,
231,20200813,600635.SH,4.83,4.95,4.83,4.9,4.82,0.08000000000000007,1.6598,192953.33,94589.967,0.7977,4.9055,250287.046,4.9549,317798.5,5.0024,482311.342,,,,,,,,
232,20200812,600635.SH,4.88,4.88,4.77,4.82,4.87,-0.04999999999999982,-1.0267,200887.71,96571.474,0.8305,4.937,300081.422,4.9529,331261.972,5.0102,519747.5505,,,,,,,,
233,20200811,600635.SH,4.9984,4.9984,4.8601,4.87,4.9885,-0.11850000000000005,-2.3755,259794.29,129419.389,1.0741,4.9787,330297.292,4.9569,338497.288,5.0345,551223.7805,,,,,,,,
234,20200810,600635.SH,4.9194,4.9984,4.8898,4.9885,4.949,0.03950000000000031,0.7981,232395.03,116766.352,0.9608,5.0122,365448.224,4.948,334377.698,5.0587,577142.5825,,,,,,,,
235,20200807,600635.SH,5.0676,5.0873,4.8404,4.949,5.0577,-0.1086999999999998,-2.1492,365404.87,183038.376,1.5107,5.0182,400814.644,4.9243,345711.603,5.0839,607728.848,,,,,,,,
236,20200806,600635.SH,5.0775,5.1071,5.0083,5.0577,5.0281,0.029599999999999405,0.5887,441925.21,226079.423,1.827,5.0044,385309.954,4.9105,383382.502,5.1012,644933.4305,,,,,,,,
237,20200805,600635.SH,5.0281,5.1268,4.9293,5.0281,5.0379,-0.009799999999999365,-0.1945,351967.06,178294.678,1.4551,4.9688,362442.522,4.9154,396082.212,5.1086,664336.2985,,,,,,,,
238,20200804,600635.SH,5.0182,5.117,4.949,5.0379,5.0182,0.019699999999999385,0.3926,435548.95,220867.207,1.8007,4.9352,346697.284,4.9352,423631.646,5.118,693187.43,,,,,,,,
239,20200803,600635.SH,4.949,5.0281,4.9095,5.0182,4.8799,0.1383000000000001,2.8341,409227.13,205926.569,1.6919,4.8838,303307.172,4.9609,489592.988,5.117,718290.2405,,,,,,,,
240,20200731,600635.SH,4.8601,4.9589,4.8206,4.8799,4.8799,0.0,0.0,287881.42,142292.249,1.1902,4.8305,290608.562,5.0152,559411.262,5.1184,752300.457,,,,,,,,
241,20200730,600635.SH,4.8601,4.9885,4.8305,4.8799,4.8601,0.01980000000000004,0.4074,327588.05,162839.145,1.3543,4.8167,381455.05,5.0498,646824.184,,,,,,,,,,
242,20200729,600635.SH,4.7515,4.8601,4.712,4.8601,4.7811,0.07899999999999974,1.6523,273240.87,133112.087,1.1297,4.8621,429721.902,5.0676,708233.129,,,,,,,,,,
243,20200728,600635.SH,4.7811,4.8107,4.7218,4.7811,4.7515,0.029600000000000293,0.623,218598.39,105456.35,0.9038,4.9352,500566.008,5.112,763950.273,,,,,,,,,,
244,20200727,600635.SH,4.8107,4.8799,4.712,4.7515,4.8107,-0.0591999999999997,-1.2306,345734.08,166529.315,1.4294,5.0379,675878.804,5.1693,819907.467,,,,,,,,,,
245,20200724,600635.SH,5.0676,5.1466,4.7515,4.8107,5.1071,-0.2964000000000002,-5.8037,742113.86,370722.474,3.0681,5.1999,828213.962,5.2434,869746.093,,,,,,,,,,
246,20200723,600635.SH,5.1762,5.196,5.0083,5.1071,5.2256,-0.11850000000000005,-2.2677,568922.31,293003.741,2.3521,5.2829,912193.318,5.2918,906484.359,,,,,,,,,,
247,20200722,600635.SH,5.2256,5.2948,5.1565,5.2256,5.2948,-0.06920000000000037,-1.3069,627461.4,331312.45,2.5941,5.273,986744.356,5.3017,932590.385,,,,,,,,,,
248,20200721,600635.SH,5.5319,5.5812,5.2553,5.2948,5.5615,-0.26669999999999927,-4.7955,1095162.37,597342.814,4.5277,5.2889,1027334.538,5.3007,962743.214,,,,,,,,,,
249,20200720,600635.SH,5.3244,5.5714,5.2454,5.5615,5.2256,0.33589999999999964,6.428,1107409.87,608358.343,4.5784,5.3007,963936.13,5.273,946987.493,,,,,,,,,,
250,20200717,600635.SH,5.1071,5.4726,5.0873,5.2256,5.0577,0.16790000000000038,3.3197,1162010.64,623830.823,4.8041,5.2869,911278.224,5.2217,945189.652,,,,,,,,,,
251,20200716,600635.SH,5.2849,5.4825,5.0478,5.0577,5.3047,-0.24700000000000077,-4.6562,941677.5,505872.308,3.8932,5.3007,900775.4,,,,,,,,,,,,
252,20200715,600635.SH,5.3738,5.4627,5.2157,5.3047,5.354,-0.04929999999999968,-0.9208,830412.31,450575.291,3.4332,5.3303,878436.414,,,,,,,,,,,,
253,20200714,600635.SH,5.4923,5.522,5.2454,5.354,5.4923,-0.1383000000000001,-2.5181,778170.33,424232.454,3.2172,5.3125,898151.89,,,,,,,,,,,,
254,20200713,600635.SH,5.3837,5.5714,5.3047,5.4923,5.2948,0.1974999999999998,3.7301,844120.34,464988.482,3.4898,5.2454,930038.856,,,,,,,,,,,,
255,20200710,600635.SH,5.1565,5.5022,5.117,5.2948,5.2059,0.08890000000000065,1.7077,1109496.52,599125.196,4.587,5.1565,979101.08,,,,,,,,,,,,
256,20200709,600635.SH,5.2059,5.354,5.1466,5.2059,5.2157,-0.009800000000000253,-0.1879,829982.57,438660.072,3.4314,,,,,,,,,,,,,,
257,20200708,600635.SH,5.0083,5.2553,4.9885,5.2157,5.0182,0.1974999999999998,3.9357,928989.69,483001.557,3.8407,,,,,,,,,,,,,,
258,20200707,600635.SH,5.1861,5.2157,4.9787,5.0182,5.0478,-0.029599999999999405,-0.5864,937605.16,482955.709,3.8763,,,,,,,,,,,,,,
259,20200706,600635.SH,4.791,5.117,4.7712,5.0478,4.6922,0.3555999999999999,7.5785,1089431.46,545437.035,4.504,,,,,,,,,,,,,,
